{"cameraMode":{"drawMode":0,"name":"Shaded","section":"Shading Mode"},"sceneLighting":true,"audioPlay":false,"sceneViewState":{"m_AlwaysRefresh":false,"showFog":true,"showSkybox":true,"showFlares":true,"showImageEffects":true,"showParticleSystems":true,"showVisualEffectGraphs":true,"m_FxEnabled":true},"in2DMode":false,"pivot":{"x":0.390334814786911,"y":-49.279701232910159,"z":21.294754028320314},"rotation":{"x":0.5254437327384949,"y":0.017151810228824617,"z":-0.0106502091512084,"w":0.8506959676742554},"size":35.74433517456055,"orthographic":false}